{
  "splines": {},
  "waypoints": {
    "auto.blue.brick.waypoint.park": [
      -84.985,
      0,
      0
    ],
    "auto.blue.brick.waypoint.start": [
      -159.751,
      -38.19,
      0
    ],
    "auto.blue.foundation.waypoint.park": [
      -87.137,
      -1.076,
      4.71238898038469
    ],
    "auto.blue.foundation.waypoint.start": [
      -159.751,
      98.971,
      3.1416277314626564
    ],
    "auto.blue.full.waypoint.park": [
      -84.985,
      0,
      4.71238898038469
    ],
    "auto.blue.full.waypoint.pickup0": [
      -87.136,
      -54.326,
      4.712376246559831
    ],
    "auto.blue.full.waypoint.place": [
      -124.789,
      109.19,
      4.71238898038469
    ],
    "auto.blue.full.waypoint.start": [
      -159.751,
      -91.439,
      0
    ],
    "auto.red.brick.waypoint.park": [
      86.599,
      0,
      3.141592653589793
    ],
    "auto.red.brick.waypoint.start": [
      159.751,
      -38.189,
      3.141592653589793
    ],
    "auto.red.foundation.waypoint.park": [
      86.599,
      -1.076,
      4.71238898038469
    ],
    "auto.red.foundation.waypoint.start": [
      159.752,
      98.97,
      3.141592653589793
    ],
    "auto.red.full.waypoint.park": [
      86.599,
      0,
      4.71238898038469
    ],
    "auto.red.full.waypoint.pickup0": [
      88.213,
      -53.788,
      4.71238898038469
    ],
    "auto.red.full.waypoint.place": [
      107.576,
      109.19,
      4.71238898038469
    ],
    "auto.red.full.waypoint.start": [
      159.751,
      -91.439,
      3.141592653589793
    ],
    "tele.blue.waypoint.place": [
      -114.031,
      109.19,
      4.71238898038469
    ],
    "tele.red.waypoint.place": [
      113.493,
      108.652,
      4.71238898038469
    ]
  }
}