{
    "options": {
        "debug": "true",
        "socketLog": "true"
    },
    "splines": {

    },
    "waypoints": {
        "auto.blue.brick.waypoint.start": [
            -159.751,
            -38.19,
            0
        ],
        "auto.blue.foundation.waypoint.start": [
            -159.751,
            98.971,
            3.1416277314626564
        ],
        "auto.blue.full.waypoint.park": [
            -84.985,
            0,
            4.71238898038469
        ],
        "auto.blue.full.waypoint.place": [
            -109.19,
            109.19,
            4.71238898038469
        ],
        "auto.blue.full.waypoint.scan": [
            -109.19,
            -48.947,
            0
        ],
        "auto.blue.full.waypoint.start": [
            -159.751,
            -38.727,
            0
        ],
        "auto.red.brick.waypoint.start": [
            159.751,
            -38.189,
            3.141592653589793
        ],
        "auto.red.foundation.waypoint.start": [
            159.751,
            98.433,
            0
        ],
        "auto.red.full.waypoint.park": [
            86.599,
            -1.076,
            4.71238898038469
        ],
        "auto.red.full.waypoint.place": [
            113.493,
            108.652,
            4.71238898038469
        ],
        "auto.red.full.waypoint.scan": [
            110.266,
            -48.948,
            3.141592653589793
        ],
        "auto.red.full.waypoint.start": [
            159.751,
            -38.727,
            3.141592653589793
        ],
        "tele.blue.waypoint.place": [
            -109.19,
            109.19,
            4.71238898038469
        ],
        "tele.red.waypoint.place": [
            113.493,
            108.652,
            4.71238898038469
        ]
    }
}