{"obstacles":{},"pathPoints":{"pathPoint.61":[175,75,0],"pathPoint.62":[175,125,0],"pathPoint.60":[175,25,0],"pathPoint.14":[-125,125,0],"pathPoint.58":[175,-75,0],"pathPoint.15":[-125,175,0],"pathPoint.59":[175,-25,0],"pathPoint.12":[-125,25,0],"pathPoint.56":[175,-175,0],"pathPoint.13":[-125,75,0],"pathPoint.57":[175,-125,0],"pathPoint.10":[-125,-75,0],"pathPoint.54":[125,125,0],"pathPoint.11":[-125,-25,0],"pathPoint.55":[125,175,0],"pathPoint.52":[125,25,0],"pathPoint.53":[125,75,0],"pathPoint.18":[-75,-75,0],"pathPoint.19":[-75,-25,0],"pathPoint.16":[-75,-175,0],"pathPoint.17":[-75,-125,0],"pathPoint.25":[-25,-125,0],"pathPoint.26":[-25,-75,0],"pathPoint.23":[-75,175,0],"pathPoint.24":[-25,-175,0],"pathPoint.21":[-75,75,0],"pathPoint.22":[-75,125,0],"pathPoint.63":[175,175,0],"pathPoint.20":[-75,25,0],"pathPoint.29":[-25,75,0],"pathPoint.27":[-25,-25,0],"pathPoint.28":[-25,25,0],"pathPoint.9":[-125,-125,0],"pathPoint.7":[-175,175,0],"pathPoint.8":[-125,-175,0],"pathPoint.5":[-175,75,0],"pathPoint.6":[-175,125,0],"pathPoint.3":[-175,-25,0],"pathPoint.4":[-175,25,0],"pathPoint.40":[75,-175,0],"pathPoint.36":[25,25,0],"pathPoint.37":[25,75,0],"pathPoint.34":[25,-75,0],"pathPoint.35":[25,-25,0],"pathPoint.32":[25,-175,0],"pathPoint.33":[25,-125,0],"pathPoint.30":[-25,125,0],"pathPoint.31":[-25,175,0],"pathPoint.1":[-175,-125,0],"pathPoint.2":[-175,-75,0],"pathPoint.0":[-175,-175,0],"pathPoint.38":[25,125,0],"pathPoint.39":[25,175,0],"pathPoint.50":[125,-75,0],"pathPoint.51":[125,-25,0],"pathPoint.47":[75,175,0],"pathPoint.48":[125,-175,0],"pathPoint.45":[75,75,0],"pathPoint.46":[75,125,0],"pathPoint.43":[75,-25,0],"pathPoint.44":[75,25,0],"pathPoint.41":[75,-125,0],"pathPoint.42":[75,-75,0],"pathPoint.49":[125,-125,0]},"splines":{"auto.blue.full.spline.d123":{"planningPoints":[[0,0,-116.882,-58.993,3.602781300312884],[0.845703125,48.06169230769231,-142.61127239654212,-20.66573695588112,5.8150486556902194],[1.4248046875,96.12338461538462,-122.2982305497564,22.20681213547757,-0.3967058595084277],[1.94140625,144.18507692307693,-91.0315424506663,58.64430028432612,-0.8998902944369777],[2.884765625,192.24676923076925,-48.340969428152,71.376314756021,6.1070787128087],[3.318359375,240.30846153846156,-0.906683840186,63.1424415250792,-0.7934936355273224],[3.681640625,288.37015384615387,44.937940027625,49.3065523904784,-1.7976323308641586],[4.1484375,336.4318461538462,74.129943799019,14.4465369277,4.092373624728425],[4.587890625,384.4935384615385,54.363910284803,-28.068181580089,5.169759011498922],[4.9873046875,432.5552307692308,11.540734326327,-47.599188871468,6.24714439826942],[5.33203125,480.6169230769231,-33.439351987064,-32.65964835781,0.5296686860926989],[5.59375,528.6786153846155,-70.4972965393068,-2.144796905517,1.0776691934740255],[5.8095703125,576.7403076923077,-102.6607215254559,33.484223259941,1.6256697008553513],[6,624.802,-132.056,71.547,2.1736702082366772]],"coefficients":{"tauX":[{"a":0,"b":1,"exp":"(22.675)*t^3 + (0.0)*t^2 + (-46.641)*t + (-116.882)"},{"a":1,"b":2,"exp":"(-36.684)*t^3 + (178.079)*t^2 + (-224.72)*t + (-57.522)"},{"a":2,"b":3,"exp":"(44.42)*t^3 + (-308.549)*t^2 + (748.535)*t + (-706.359)"},{"a":3,"b":4,"exp":"(-78.684)*t^3 + (799.385)*t^2 + (-2575.266)*t + (2617.441)"},{"a":4,"b":5,"exp":"(40.974)*t^3 + (-636.503)*t^2 + (3168.285)*t + (-5040.626)"},{"a":5,"b":6,"exp":"(3.649)*t^3 + (-76.635)*t^2 + (368.947)*t + (-375.062)"}],"tauY":[{"a":0,"b":1,"exp":"(10.464)*t^3 + (0.0)*t^2 + (37.836)*t + (-58.993)"},{"a":1,"b":2,"exp":"(-28.353)*t^3 + (116.451)*t^2 + (-78.615)*t + (-20.176)"},{"a":2,"b":3,"exp":"(14.822)*t^3 + (-142.597)*t^2 + (439.48)*t + (-365.573)"},{"a":3,"b":4,"exp":"(-16.553)*t^3 + (139.773)*t^2 + (-407.628)*t + (481.536)"},{"a":4,"b":5,"exp":"(67.241)*t^3 + (-865.755)*t^2 + (3614.481)*t + (-4881.277)"},{"a":5,"b":6,"exp":"(-23.811)*t^3 + (500.032)*t^2 + (-3214.451)*t + (6500.277)"}],"distanceY":[{"a":0,"b":1,"exp":"(1.331)*t^3 + (0.0)*t^2 + (36.996)*t + (-58.993)"},{"a":1,"b":2,"exp":"(-2.109)*t^3 + (10.319)*t^2 + (26.677)*t + (-55.553)"},{"a":2,"b":3,"exp":"(-3.875)*t^3 + (20.918)*t^2 + (5.479)*t + (-41.421)"},{"a":3,"b":4,"exp":"(0.34)*t^3 + (-17.023)*t^2 + (119.303)*t + (-155.245)"},{"a":4,"b":5,"exp":"(5.254)*t^3 + (-75.987)*t^2 + (355.161)*t + (-469.723)"},{"a":5,"b":6,"exp":"(-5.992)*t^3 + (92.706)*t^2 + (-488.308)*t + (936.059)"},{"a":6,"b":7,"exp":"(3.293)*t^3 + (-74.429)*t^2 + (514.506)*t + (-1069.57)"},{"a":7,"b":8,"exp":"(6.19)*t^3 + (-135.256)*t^2 + (940.294)*t + (-2063.074)"},{"a":8,"b":9,"exp":"(2.587)*t^3 + (-48.799)*t^2 + (248.637)*t + (-218.655)"},{"a":9,"b":10,"exp":"(-5.051)*t^3 + (157.442)*t^2 + (-1607.535)*t + (5349.86)"},{"a":10,"b":11,"exp":"(-1.277)*t^3 + (44.205)*t^2 + (-475.163)*t + (1575.286)"},{"a":11,"b":12,"exp":"(-0.302)*t^3 + (12.051)*t^2 + (-121.469)*t + (278.409)"},{"a":12,"b":13,"exp":"(-0.194)*t^3 + (8.138)*t^2 + (-74.508)*t + (90.567)"}],"distanceX":[{"a":0,"b":1,"exp":"(11.746)*t^3 + (0.0)*t^2 + (-37.475)*t + (-116.882)"},{"a":1,"b":2,"exp":"(-12.686)*t^3 + (73.293)*t^2 + (-110.768)*t + (-92.451)"},{"a":2,"b":3,"exp":"(3.908)*t^3 + (-26.269)*t^2 + (88.356)*t + (-225.2)"},{"a":3,"b":4,"exp":"(-2.477)*t^3 + (31.193)*t^2 + (-84.029)*t + (-52.815)"},{"a":4,"b":5,"exp":"(-0.682)*t^3 + (9.66)*t^2 + (2.105)*t + (-167.661)"},{"a":5,"b":6,"exp":"(-1.129)*t^3 + (16.356)*t^2 + (-31.378)*t + (-111.856)"},{"a":6,"b":7,"exp":"(-9.867)*t^3 + (173.645)*t^2 + (-975.113)*t + (1775.613)"},{"a":7,"b":8,"exp":"(8.29)*t^3 + (-207.654)*t^2 + (1693.983)*t + (-4452.277)"},{"a":8,"b":9,"exp":"(2.606)*t^3 + (-71.241)*t^2 + (602.682)*t + (-1542.14)"},{"a":9,"b":10,"exp":"(2.184)*t^3 + (-59.838)*t^2 + (500.055)*t + (-1234.259)"},{"a":10,"b":11,"exp":"(-1.264)*t^3 + (43.601)*t^2 + (-534.341)*t + (2213.727)"},{"a":11,"b":12,"exp":"(-0.156)*t^3 + (7.05)*t^2 + (-132.281)*t + (739.507)"},{"a":12,"b":13,"exp":"(-0.237)*t^3 + (9.973)*t^2 + (-167.35)*t + (879.783)"}]},"waypoints":[[0,0,-116.882,-58.993,3.602781300312884],[0,58.232,-140.848,-10.693,0],[0,148.327,-88.122,61.575,5.339930929563093],[0,202.329,-38.346,69.686,0],[0,322.325,70.793,28.022,3.7761444374107533],[0,434.163,9.955,-47.564,0],[0,624.802,-131.999,71.53,2.1736702082366772]]}},"waypoints":{"auto.blue.full.waypoint.d124":[-26.916,123.15,0],"auto.blue.full.waypoint.sadsadd1":[115.406,94.39,0]}}