{"obstacles":{"obstacle.circle.unfixed.295944":{"start":[-90.702,-60.468,0],"end":[-69.124,-60.468,0]}},"splines":{},"waypoints":{"auto.blue.full.waypoint.shootTargets":[-30.234,0.738,4.71238898038469],"auto.blue.full.waypoint.start":[-139.005,-157.069,3.141608331011169],"tele.blue.full.waypoint.start":[-30.234,30.235,4.71238898038469],"tele.blue.full.waypoint.wall04":[-158.915,-158.544,1.5707807395452686],"auto.blue.full.waypoint.wobble2":[-26.547,-139.371,4.71238898038469],"auto.blue.full.waypoint.wobbleGoal4":[-158.914,122.412,3.141592653589793],"auto.blue.full.waypoint.park":[-30.234,30.235,4.71238898038469],"tele.blue.full.waypoint.shootGoal":[-91.071,0,4.71238898038469],"tele.blue.full.waypoint.wall1":[-92.178,-158.545,1.5707963267948966],"auto.blue.full.waypoint.wobbleGoal0":[-159.651,2.582,3.141592653589793],"auto.blue.full.waypoint.wobbleGoal1":[-109.508,60.468,3.1459629031434093]}}