{"obstacles":{"obstacle.circle.unfixed.295944":{"start":[-91.439,-59.73,0],"end":[-69.861,-59.73,0]}},"splines":{},"waypoints":{"auto.blue.full.waypoint.start":[-139.481,-159.842,1.5739999999999998],"tele.blue.full.waypoint.wall04":[-158.915,-158.544,1.5707807395452686],"auto.blue.full.waypoint.wobble0":[-159.651,1.845,3.141592653589793],"auto.blue.full.waypoint.wobble2":[-94.858,63.948,3.149],"auto.blue.full.waypoint.wobble4":[-159.283,122.412,3.141592653589793],"auto.blue.full.waypoint.intake":[-69.387,-36.576,3.985],"auto.blue.full.waypoint.shootGoal":[-95.205,2.152,4.726],"auto.blue.full.waypoint.shootPowerShots":[-30.234,0.738,4.71238898038469],"auto.blue.full.waypoint.park":[-27.545,30.773,4.71238898038469],"tele.blue.full.waypoint.shootGoal":[-91.071,0,4.71238898038469],"tele.blue.full.waypoint.wall1":[-92.178,-158.545,1.5707963267948966]}}